3;22;001;15;16;29;0138;00025497;07439;000;0000;00000000;00000;0000;00000000;00000;0000;00000000;00000;0000;00000000;00000;0000;00000000;00000;
3;22;001;15;16;29;0131;00005336;01557;000;0000;00000000;00000;0000;00000000;00000;0000;00000000;00000;0000;00000000;00000;0000;00000000;00000;
3;22;001;15;16;29;0135;00003441;01004;000;0000;00000000;00000;0000;00000000;00000;0000;00000000;00000;0000;00000000;00000;0000;00000000;00000;
3;22;002;15;16;29;0138;00002092;07302;000;0000;00000000;00000;0000;00000000;00000;0000;00000000;00000;0000;00000000;00000;0000;00000000;00000;
3;22;002;15;16;29;0131;00000428;01494;000;0000;00000000;00000;0000;00000000;00000;0000;00000000;00000;0000;00000000;00000;0000;00000000;00000;
3;22;002;15;16;29;0135;00000345;01204;000;0000;00000000;00000;0000;00000000;00000;0000;00000000;00000;0000;00000000;00000;0000;00000000;00000;
3;22;003;15;16;29;0138;00000650;07956;000;0000;00000000;00000;0000;00000000;00000;0000;00000000;00000;0000;00000000;00000;0000;00000000;00000;
3;22;003;15;16;29;0131;00000113;01383;000;0000;00000000;00000;0000;00000000;00000;0000;00000000;00000;0000;00000000;00000;0000;00000000;00000;
3;22;003;15;16;29;0135;00000054;00661;000;0000;00000000;00000;0000;00000000;00000;0000;00000000;00000;0000;00000000;00000;0000;00000000;00000;
3;22;004;15;16;29;0138;00001872;07414;000;0000;00000000;00000;0000;00000000;00000;0000;00000000;00000;0000;00000000;00000;0000;00000000;00000;
3;22;004;15;16;29;0131;00000404;01600;000;0000;00000000;00000;0000;00000000;00000;0000;00000000;00000;0000;00000000;00000;0000;00000000;00000;
3;22;004;15;16;29;0135;00000249;00986;000;0000;00000000;00000;0000;00000000;00000;0000;00000000;00000;0000;00000000;00000;0000;00000000;00000;
3;22;005;15;16;29;0138;00000882;07374;000;0000;00000000;00000;0000;00000000;00000;0000;00000000;00000;0000;00000000;00000;0000;00000000;00000;
3;22;005;15;16;29;0131;00000204;01706;000;0000;00000000;00000;0000;00000000;00000;0000;00000000;00000;0000;00000000;00000;0000;00000000;00000;
3;22;005;15;16;29;0135;00000110;00920;000;0000;00000000;00000;0000;00000000;00000;0000;00000000;00000;0000;00000000;00000;0000;00000000;00000;
3;22;006;15;16;29;0138;00013319;07489;000;0000;00000000;00000;0000;00000000;00000;0000;00000000;00000;0000;00000000;00000;0000;00000000;00000;
3;22;006;15;16;29;0131;00002711;01524;000;0000;00000000;00000;0000;00000000;00000;0000;00000000;00000;0000;00000000;00000;0000;00000000;00000;
3;22;006;15;16;29;0135;00001756;00987;000;0000;00000000;00000;0000;00000000;00000;0000;00000000;00000;0000;00000000;00000;0000;00000000;00000;
3;22;007;15;16;29;0138;00000826;07133;000;0000;00000000;00000;0000;00000000;00000;0000;00000000;00000;0000;00000000;00000;0000;00000000;00000;
3;22;007;15;16;29;0131;00000172;01485;000;0000;00000000;00000;0000;00000000;00000;0000;00000000;00000;0000;00000000;00000;0000;00000000;00000;
3;22;007;15;16;29;0135;00000160;01382;000;0000;00000000;00000;0000;00000000;00000;0000;00000000;00000;0000;00000000;00000;0000;00000000;00000;
3;22;008;15;16;29;0138;00002045;07401;000;0000;00000000;00000;0000;00000000;00000;0000;00000000;00000;0000;00000000;00000;0000;00000000;00000;
3;22;008;15;16;29;0131;00000431;01560;000;0000;00000000;00000;0000;00000000;00000;0000;00000000;00000;0000;00000000;00000;0000;00000000;00000;
3;22;008;15;16;29;0135;00000287;01039;000;0000;00000000;00000;0000;00000000;00000;0000;00000000;00000;0000;00000000;00000;0000;00000000;00000;
3;22;009;15;16;29;0138;00003709;07594;000;0000;00000000;00000;0000;00000000;00000;0000;00000000;00000;0000;00000000;00000;0000;00000000;00000;
3;22;009;15;16;29;0131;00000712;01458;000;0000;00000000;00000;0000;00000000;00000;0000;00000000;00000;0000;00000000;00000;0000;00000000;00000;
3;22;009;15;16;29;0135;00000463;00948;000;0000;00000000;00000;0000;00000000;00000;0000;00000000;00000;0000;00000000;00000;0000;00000000;00000;
3;22;010;15;16;29;0138;00001146;07635;000;0000;00000000;00000;0000;00000000;00000;0000;00000000;00000;0000;00000000;00000;0000;00000000;00000;
3;22;010;15;16;29;0131;00000205;01366;000;0000;00000000;00000;0000;00000000;00000;0000;00000000;00000;0000;00000000;00000;0000;00000000;00000;
3;22;010;15;16;29;0135;00000150;00999;000;0000;00000000;00000;0000;00000000;00000;0000;00000000;00000;0000;00000000;00000;0000;00000000;00000;
3;22;011;15;16;29;0138;00000798;06903;000;0000;00000000;00000;0000;00000000;00000;0000;00000000;00000;0000;00000000;00000;0000;00000000;00000;
3;22;011;15;16;29;0131;00000191;01652;000;0000;00000000;00000;0000;00000000;00000;0000;00000000;00000;0000;00000000;00000;0000;00000000;00000;
3;22;011;15;16;29;0135;00000167;01445;000;0000;00000000;00000;0000;00000000;00000;0000;00000000;00000;0000;00000000;00000;0000;00000000;00000;
3;22;012;15;16;29;0138;00001201;07516;000;0000;00000000;00000;0000;00000000;00000;0000;00000000;00000;0000;00000000;00000;0000;00000000;00000;
3;22;012;15;16;29;0131;00000209;01308;000;0000;00000000;00000;0000;00000000;00000;0000;00000000;00000;0000;00000000;00000;0000;00000000;00000;
3;22;012;15;16;29;0135;00000188;01176;000;0000;00000000;00000;0000;00000000;00000;0000;00000000;00000;0000;00000000;00000;0000;00000000;00000;
3;22;013;15;16;29;0138;00002157;07571;000;0000;00000000;00000;0000;00000000;00000;0000;00000000;00000;0000;00000000;00000;0000;00000000;00000;
3;22;013;15;16;29;0131;00000421;01478;000;0000;00000000;00000;0000;00000000;00000;0000;00000000;00000;0000;00000000;00000;0000;00000000;00000;
3;22;013;15;16;29;0135;00000271;00951;000;0000;00000000;00000;0000;00000000;00000;0000;00000000;00000;0000;00000000;00000;0000;00000000;00000;
3;22;014;15;16;29;0138;00001460;07456;000;0000;00000000;00000;0000;00000000;00000;0000;00000000;00000;0000;00000000;00000;0000;00000000;00000;
3;22;014;15;16;29;0131;00000332;01696;000;0000;00000000;00000;0000;00000000;00000;0000;00000000;00000;0000;00000000;00000;0000;00000000;00000;
3;22;014;15;16;29;0135;00000166;00848;000;0000;00000000;00000;0000;00000000;00000;0000;00000000;00000;0000;00000000;00000;0000;00000000;00000;
3;22;015;15;15;00;0131;00000000;00000;000;0000;00000000;00000;0000;00000000;00000;0000;00000000;00000;0000;00000000;00000;0000;00000000;00000;
3;22;015;15;15;00;0135;00000000;00000;000;0000;00000000;00000;0000;00000000;00000;0000;00000000;00000;0000;00000000;00000;0000;00000000;00000;
3;22;015;15;15;00;0138;00000000;00000;000;0000;00000000;00000;0000;00000000;00000;0000;00000000;00000;0000;00000000;00000;0000;00000000;00000;
3;22;016;15;16;29;0138;00003022;07441;000;0000;00000000;00000;0000;00000000;00000;0000;00000000;00000;0000;00000000;00000;0000;00000000;00000;
3;22;016;15;16;29;0131;00000655;01613;000;0000;00000000;00000;0000;00000000;00000;0000;00000000;00000;0000;00000000;00000;0000;00000000;00000;
3;22;016;15;16;29;0135;00000384;00946;000;0000;00000000;00000;0000;00000000;00000;0000;00000000;00000;0000;00000000;00000;0000;00000000;00000;
3;22;017;15;16;29;0138;00001814;07423;000;0000;00000000;00000;0000;00000000;00000;0000;00000000;00000;0000;00000000;00000;0000;00000000;00000;
3;22;017;15;16;29;0131;00000408;01669;000;0000;00000000;00000;0000;00000000;00000;0000;00000000;00000;0000;00000000;00000;0000;00000000;00000;
3;22;017;15;16;29;0135;00000222;00908;000;0000;00000000;00000;0000;00000000;00000;0000;00000000;00000;0000;00000000;00000;0000;00000000;00000;
3;22;018;15;16;29;0138;00001818;07232;000;0000;00000000;00000;0000;00000000;00000;0000;00000000;00000;0000;00000000;00000;0000;00000000;00000;
3;22;018;15;16;29;0131;00000401;01595;000;0000;00000000;00000;0000;00000000;00000;0000;00000000;00000;0000;00000000;00000;0000;00000000;00000;
3;22;018;15;16;29;0135;00000295;01173;000;0000;00000000;00000;0000;00000000;00000;0000;00000000;00000;0000;00000000;00000;0000;00000000;00000;
3;22;019;15;16;29;0138;00001094;07550;000;0000;00000000;00000;0000;00000000;00000;0000;00000000;00000;0000;00000000;00000;0000;00000000;00000;
3;22;019;15;16;29;0131;00000214;01477;000;0000;00000000;00000;0000;00000000;00000;0000;00000000;00000;0000;00000000;00000;0000;00000000;00000;
3;22;019;15;16;29;0135;00000141;00973;000;0000;00000000;00000;0000;00000000;00000;0000;00000000;00000;0000;00000000;00000;0000;00000000;00000;
3;22;020;15;15;00;0131;00000000;00000;000;0000;00000000;00000;0000;00000000;00000;0000;00000000;00000;0000;00000000;00000;0000;00000000;00000;
3;22;020;15;15;00;0135;00000000;00000;000;0000;00000000;00000;0000;00000000;00000;0000;00000000;00000;0000;00000000;00000;0000;00000000;00000;
3;22;020;15;15;00;0138;00000000;00000;000;0000;00000000;00000;0000;00000000;00000;0000;00000000;00000;0000;00000000;00000;0000;00000000;00000;
3;22;021;15;16;29;0138;00004142;07362;000;0000;00000000;00000;0000;00000000;00000;0000;00000000;00000;0000;00000000;00000;0000;00000000;00000;
3;22;021;15;16;29;0131;00000934;01660;000;0000;00000000;00000;0000;00000000;00000;0000;00000000;00000;0000;00000000;00000;0000;00000000;00000;
3;22;021;15;16;29;0135;00000550;00978;000;0000;00000000;00000;0000;00000000;00000;0000;00000000;00000;0000;00000000;00000;0000;00000000;00000;
3;22;022;15;16;29;0138;00005319;07373;000;0000;00000000;00000;0000;00000000;00000;0000;00000000;00000;0000;00000000;00000;0000;00000000;00000;
3;22;022;15;16;29;0131;00001225;01698;000;0000;00000000;00000;0000;00000000;00000;0000;00000000;00000;0000;00000000;00000;0000;00000000;00000;
3;22;022;15;16;29;0135;00000670;00929;000;0000;00000000;00000;0000;00000000;00000;0000;00000000;00000;0000;00000000;00000;0000;00000000;00000;
3;22;023;15;16;29;0138;00000458;06897;000;0000;00000000;00000;0000;00000000;00000;0000;00000000;00000;0000;00000000;00000;0000;00000000;00000;
3;22;023;15;16;29;0135;00000114;01717;000;0000;00000000;00000;0000;00000000;00000;0000;00000000;00000;0000;00000000;00000;0000;00000000;00000;
3;22;023;15;16;29;0131;00000092;01386;000;0000;00000000;00000;0000;00000000;00000;0000;00000000;00000;0000;00000000;00000;0000;00000000;00000;
3;22;024;15;16;29;0138;00000948;07429;000;0000;00000000;00000;0000;00000000;00000;0000;00000000;00000;0000;00000000;00000;0000;00000000;00000;
3;22;024;15;16;29;0131;00000185;01450;000;0000;00000000;00000;0000;00000000;00000;0000;00000000;00000;0000;00000000;00000;0000;00000000;00000;
3;22;024;15;16;29;0135;00000143;01121;000;0000;00000000;00000;0000;00000000;00000;0000;00000000;00000;0000;00000000;00000;0000;00000000;00000;
3;22;025;15;16;29;0138;00000693;07295;000;0000;00000000;00000;0000;00000000;00000;0000;00000000;00000;0000;00000000;00000;0000;00000000;00000;
3;22;025;15;16;29;0135;00000149;01568;000;0000;00000000;00000;0000;00000000;00000;0000;00000000;00000;0000;00000000;00000;0000;00000000;00000;
3;22;025;15;16;29;0131;00000108;01137;000;0000;00000000;00000;0000;00000000;00000;0000;00000000;00000;0000;00000000;00000;0000;00000000;00000;
3;22;026;15;16;29;0138;00000868;07270;000;0000;00000000;00000;0000;00000000;00000;0000;00000000;00000;0000;00000000;00000;0000;00000000;00000;
3;22;026;15;16;29;0131;00000177;01482;000;0000;00000000;00000;0000;00000000;00000;0000;00000000;00000;0000;00000000;00000;0000;00000000;00000;
3;22;026;15;16;29;0135;00000149;01248;000;0000;00000000;00000;0000;00000000;00000;0000;00000000;00000;0000;00000000;00000;0000;00000000;00000;
3;22;027;15;16;29;0138;00003021;07363;000;0000;00000000;00000;0000;00000000;00000;0000;00000000;00000;0000;00000000;00000;0000;00000000;00000;
3;22;027;15;16;29;0131;00000680;01657;000;0000;00000000;00000;0000;00000000;00000;0000;00000000;00000;0000;00000000;00000;0000;00000000;00000;
3;22;027;15;16;29;0135;00000402;00980;000;0000;00000000;00000;0000;00000000;00000;0000;00000000;00000;0000;00000000;00000;0000;00000000;00000;
3;22;999;15;16;29;0138;00080851;07430;000;0000;00000000;00000;0000;00000000;00000;0000;00000000;00000;0000;00000000;00000;0000;00000000;00000;
3;22;999;15;16;29;0131;00016948;01557;000;0000;00000000;00000;0000;00000000;00000;0000;00000000;00000;0000;00000000;00000;0000;00000000;00000;
3;22;999;15;16;29;0135;00011026;01013;000;0000;00000000;00000;0000;00000000;00000;0000;00000000;00000;0000;00000000;00000;0000;00000000;00000;
8;22;001;15;16;29;0138;00011146;04912;000;0000;00000000;00000;0000;00000000;00000;0000;00000000;00000;0000;00000000;00000;0000;00000000;00000;
8;22;001;15;16;29;0131;00003509;01546;000;0000;00000000;00000;0000;00000000;00000;0000;00000000;00000;0000;00000000;00000;0000;00000000;00000;
8;22;001;15;16;29;0137;00002619;01154;000;0000;00000000;00000;0000;00000000;00000;0000;00000000;00000;0000;00000000;00000;0000;00000000;00000;
8;22;001;15;16;29;0132;00002266;00999;000;0000;00000000;00000;0000;00000000;00000;0000;00000000;00000;0000;00000000;00000;0000;00000000;00000;
8;22;001;15;16;29;0135;00001769;00780;000;0000;00000000;00000;0000;00000000;00000;0000;00000000;00000;0000;00000000;00000;0000;00000000;00000;
8;22;001;15;16;29;0133;00001381;00609;000;0000;00000000;00000;0000;00000000;00000;0000;00000000;00000;0000;00000000;00000;0000;00000000;00000;
8;22;002;15;16;29;0138;00000909;04798;000;0000;00000000;00000;0000;00000000;00000;0000;00000000;00000;0000;00000000;00000;0000;00000000;00000;
8;22;002;15;16;29;0137;00000281;01483;000;0000;00000000;00000;0000;00000000;00000;0000;00000000;00000;0000;00000000;00000;0000;00000000;00000;
8;22;002;15;16;29;0131;00000278;01467;000;0000;00000000;00000;0000;00000000;00000;0000;00000000;00000;0000;00000000;00000;0000;00000000;00000;
8;22;002;15;16;29;0132;00000229;01208;000;0000;00000000;00000;0000;00000000;00000;0000;00000000;00000;0000;00000000;00000;0000;00000000;00000;
8;22;002;15;16;29;0133;00000106;00559;000;0000;00000000;00000;0000;00000000;00000;0000;00000000;00000;0000;00000000;00000;0000;00000000;00000;
8;22;002;15;16;29;0135;00000092;00485;000;0000;00000000;00000;0000;00000000;00000;0000;00000000;00000;0000;00000000;00000;0000;00000000;00000;
8;22;003;15;16;29;0138;00000287;05305;000;0000;00000000;00000;0000;00000000;00000;0000;00000000;00000;0000;00000000;00000;0000;00000000;00000;
8;22;003;15;16;29;0135;00000093;01719;000;0000;00000000;00000;0000;00000000;00000;0000;00000000;00000;0000;00000000;00000;0000;00000000;00000;
8;22;003;15;16;29;0131;00000075;01386;000;0000;00000000;00000;0000;00000000;00000;0000;00000000;00000;0000;00000000;00000;0000;00000000;00000;
8;22;003;15;16;29;0133;00000039;00721;000;0000;00000000;00000;0000;00000000;00000;0000;00000000;00000;0000;00000000;00000;0000;00000000;00000;
8;22;003;15;16;29;0132;00000035;00647;000;0000;00000000;00000;0000;00000000;00000;0000;00000000;00000;0000;00000000;00000;0000;00000000;00000;
8;22;003;15;16;29;0137;00000012;00222;000;0000;00000000;00000;0000;00000000;00000;0000;00000000;00000;0000;00000000;00000;0000;00000000;00000;
8;22;004;15;16;29;0138;00000825;04934;000;0000;00000000;00000;0000;00000000;00000;0000;00000000;00000;0000;00000000;00000;0000;00000000;00000;
8;22;004;15;16;29;0131;00000266;01591;000;0000;00000000;00000;0000;00000000;00000;0000;00000000;00000;0000;00000000;00000;0000;00000000;00000;
8;22;004;15;16;29;0137;00000225;01346;000;0000;00000000;00000;0000;00000000;00000;0000;00000000;00000;0000;00000000;00000;0000;00000000;00000;
8;22;004;15;16;29;0132;00000163;00975;000;0000;00000000;00000;0000;00000000;00000;0000;00000000;00000;0000;00000000;00000;0000;00000000;00000;
8;22;004;15;16;29;0135;00000098;00586;000;0000;00000000;00000;0000;00000000;00000;0000;00000000;00000;0000;00000000;00000;0000;00000000;00000;
8;22;004;15;16;29;0133;00000095;00568;000;0000;00000000;00000;0000;00000000;00000;0000;00000000;00000;0000;00000000;00000;0000;00000000;00000;
8;22;005;15;16;29;0138;00000414;05213;000;0000;00000000;00000;0000;00000000;00000;0000;00000000;00000;0000;00000000;00000;0000;00000000;00000;
8;22;005;15;16;29;0131;00000134;01688;000;0000;00000000;00000;0000;00000000;00000;0000;00000000;00000;0000;00000000;00000;0000;00000000;00000;
8;22;005;15;16;29;0132;00000072;00907;000;0000;00000000;00000;0000;00000000;00000;0000;00000000;00000;0000;00000000;00000;0000;00000000;00000;
8;22;005;15;16;29;0135;00000066;00831;000;0000;00000000;00000;0000;00000000;00000;0000;00000000;00000;0000;00000000;00000;0000;00000000;00000;
8;22;005;15;16;29;0133;00000055;00693;000;0000;00000000;00000;0000;00000000;00000;0000;00000000;00000;0000;00000000;00000;0000;00000000;00000;
8;22;005;15;16;29;0137;00000053;00668;000;0000;00000000;00000;0000;00000000;00000;0000;00000000;00000;0000;00000000;00000;0000;00000000;00000;
8;22;006;15;16;29;0138;00005761;04895;000;0000;00000000;00000;0000;00000000;00000;0000;00000000;00000;0000;00000000;00000;0000;00000000;00000;
8;22;006;15;16;29;0131;00001779;01511;000;0000;00000000;00000;0000;00000000;00000;0000;00000000;00000;0000;00000000;00000;0000;00000000;00000;
8;22;006;15;16;29;0137;00001444;01227;000;0000;00000000;00000;0000;00000000;00000;0000;00000000;00000;0000;00000000;00000;0000;00000000;00000;
8;22;006;15;16;29;0132;00001152;00979;000;0000;00000000;00000;0000;00000000;00000;0000;00000000;00000;0000;00000000;00000;0000;00000000;00000;
8;22;006;15;16;29;0135;00000925;00786;000;0000;00000000;00000;0000;00000000;00000;0000;00000000;00000;0000;00000000;00000;0000;00000000;00000;
8;22;006;15;16;29;0133;00000709;00602;000;0000;00000000;00000;0000;00000000;00000;0000;00000000;00000;0000;00000000;00000;0000;00000000;00000;
8;22;007;15;16;29;0138;00000368;04792;000;0000;00000000;00000;0000;00000000;00000;0000;00000000;00000;0000;00000000;00000;0000;00000000;00000;
8;22;007;15;16;29;0131;00000113;01471;000;0000;00000000;00000;0000;00000000;00000;0000;00000000;00000;0000;00000000;00000;0000;00000000;00000;
8;22;007;15;16;29;0132;00000105;01367;000;0000;00000000;00000;0000;00000000;00000;0000;00000000;00000;0000;00000000;00000;0000;00000000;00000;
8;22;007;15;16;29;0137;00000100;01302;000;0000;00000000;00000;0000;00000000;00000;0000;00000000;00000;0000;00000000;00000;0000;00000000;00000;
8;22;007;15;16;29;0133;00000041;00534;000;0000;00000000;00000;0000;00000000;00000;0000;00000000;00000;0000;00000000;00000;0000;00000000;00000;
8;22;007;15;16;29;0135;00000041;00534;000;0000;00000000;00000;0000;00000000;00000;0000;00000000;00000;0000;00000000;00000;0000;00000000;00000;
8;22;008;15;16;29;0138;00000876;04795;000;0000;00000000;00000;0000;00000000;00000;0000;00000000;00000;0000;00000000;00000;0000;00000000;00000;
8;22;008;15;16;29;0131;00000285;01560;000;0000;00000000;00000;0000;00000000;00000;0000;00000000;00000;0000;00000000;00000;0000;00000000;00000;
8;22;008;15;16;29;0137;00000231;01264;000;0000;00000000;00000;0000;00000000;00000;0000;00000000;00000;0000;00000000;00000;0000;00000000;00000;
8;22;008;15;16;29;0132;00000190;01040;000;0000;00000000;00000;0000;00000000;00000;0000;00000000;00000;0000;00000000;00000;0000;00000000;00000;
8;22;008;15;16;29;0135;00000136;00744;000;0000;00000000;00000;0000;00000000;00000;0000;00000000;00000;0000;00000000;00000;0000;00000000;00000;
8;22;008;15;16;29;0133;00000109;00597;000;0000;00000000;00000;0000;00000000;00000;0000;00000000;00000;0000;00000000;00000;0000;00000000;00000;
8;22;009;15;16;29;0138;00001683;05197;000;0000;00000000;00000;0000;00000000;00000;0000;00000000;00000;0000;00000000;00000;0000;00000000;00000;
8;22;009;15;16;29;0131;00000467;01442;000;0000;00000000;00000;0000;00000000;00000;0000;00000000;00000;0000;00000000;00000;0000;00000000;00000;
8;22;009;15;16;29;0137;00000346;01069;000;0000;00000000;00000;0000;00000000;00000;0000;00000000;00000;0000;00000000;00000;0000;00000000;00000;
8;22;009;15;16;29;0132;00000304;00939;000;0000;00000000;00000;0000;00000000;00000;0000;00000000;00000;0000;00000000;00000;0000;00000000;00000;
8;22;009;15;16;29;0135;00000247;00763;000;0000;00000000;00000;0000;00000000;00000;0000;00000000;00000;0000;00000000;00000;0000;00000000;00000;
8;22;009;15;16;29;0133;00000191;00590;000;0000;00000000;00000;0000;00000000;00000;0000;00000000;00000;0000;00000000;00000;0000;00000000;00000;
8;22;010;15;16;29;0138;00000486;04874;000;0000;00000000;00000;0000;00000000;00000;0000;00000000;00000;0000;00000000;00000;0000;00000000;00000;
8;22;010;15;16;29;0131;00000135;01354;000;0000;00000000;00000;0000;00000000;00000;0000;00000000;00000;0000;00000000;00000;0000;00000000;00000;
8;22;010;15;16;29;0137;00000126;01264;000;0000;00000000;00000;0000;00000000;00000;0000;00000000;00000;0000;00000000;00000;0000;00000000;00000;
8;22;010;15;16;29;0132;00000098;00983;000;0000;00000000;00000;0000;00000000;00000;0000;00000000;00000;0000;00000000;00000;0000;00000000;00000;
8;22;010;15;16;29;0135;00000089;00893;000;0000;00000000;00000;0000;00000000;00000;0000;00000000;00000;0000;00000000;00000;0000;00000000;00000;
8;22;010;15;16;29;0133;00000063;00632;000;0000;00000000;00000;0000;00000000;00000;0000;00000000;00000;0000;00000000;00000;0000;00000000;00000;
8;22;011;15;16;29;0138;00000365;04740;000;0000;00000000;00000;0000;00000000;00000;0000;00000000;00000;0000;00000000;00000;0000;00000000;00000;
8;22;011;15;16;29;0131;00000126;01636;000;0000;00000000;00000;0000;00000000;00000;0000;00000000;00000;0000;00000000;00000;0000;00000000;00000;
8;22;011;15;16;29;0132;00000111;01442;000;0000;00000000;00000;0000;00000000;00000;0000;00000000;00000;0000;00000000;00000;0000;00000000;00000;
8;22;011;15;16;29;0137;00000082;01065;000;0000;00000000;00000;0000;00000000;00000;0000;00000000;00000;0000;00000000;00000;0000;00000000;00000;
8;22;011;15;16;29;0133;00000048;00623;000;0000;00000000;00000;0000;00000000;00000;0000;00000000;00000;0000;00000000;00000;0000;00000000;00000;
8;22;011;15;16;29;0135;00000038;00494;000;0000;00000000;00000;0000;00000000;00000;0000;00000000;00000;0000;00000000;00000;0000;00000000;00000;
8;22;012;15;16;29;0138;00000470;04443;000;0000;00000000;00000;0000;00000000;00000;0000;00000000;00000;0000;00000000;00000;0000;00000000;00000;
8;22;012;15;16;29;0137;00000225;02127;000;0000;00000000;00000;0000;00000000;00000;0000;00000000;00000;0000;00000000;00000;0000;00000000;00000;
8;22;012;15;16;29;0131;00000138;01304;000;0000;00000000;00000;0000;00000000;00000;0000;00000000;00000;0000;00000000;00000;0000;00000000;00000;
8;22;012;15;16;29;0132;00000122;01153;000;0000;00000000;00000;0000;00000000;00000;0000;00000000;00000;0000;00000000;00000;0000;00000000;00000;
8;22;012;15;16;29;0133;00000058;00548;000;0000;00000000;00000;0000;00000000;00000;0000;00000000;00000;0000;00000000;00000;0000;00000000;00000;
8;22;012;15;16;29;0135;00000045;00425;000;0000;00000000;00000;0000;00000000;00000;0000;00000000;00000;0000;00000000;00000;0000;00000000;00000;
8;22;013;15;16;29;0138;00000919;04878;000;0000;00000000;00000;0000;00000000;00000;0000;00000000;00000;0000;00000000;00000;0000;00000000;00000;
8;22;013;15;16;29;0131;00000274;01454;000;0000;00000000;00000;0000;00000000;00000;0000;00000000;00000;0000;00000000;00000;0000;00000000;00000;
8;22;013;15;16;29;0137;00000198;01051;000;0000;00000000;00000;0000;00000000;00000;0000;00000000;00000;0000;00000000;00000;0000;00000000;00000;
8;22;013;15;16;29;0135;00000192;01019;000;0000;00000000;00000;0000;00000000;00000;0000;00000000;00000;0000;00000000;00000;0000;00000000;00000;
8;22;013;15;16;29;0132;00000179;00950;000;0000;00000000;00000;0000;00000000;00000;0000;00000000;00000;0000;00000000;00000;0000;00000000;00000;
8;22;013;15;16;29;0133;00000122;00648;000;0000;00000000;00000;0000;00000000;00000;0000;00000000;00000;0000;00000000;00000;0000;00000000;00000;
8;22;014;15;16;29;0138;00000653;05042;000;0000;00000000;00000;0000;00000000;00000;0000;00000000;00000;0000;00000000;00000;0000;00000000;00000;
8;22;014;15;16;29;0131;00000216;01668;000;0000;00000000;00000;0000;00000000;00000;0000;00000000;00000;0000;00000000;00000;0000;00000000;00000;
8;22;014;15;16;29;0137;00000185;01429;000;0000;00000000;00000;0000;00000000;00000;0000;00000000;00000;0000;00000000;00000;0000;00000000;00000;
8;22;014;15;16;29;0132;00000109;00842;000;0000;00000000;00000;0000;00000000;00000;0000;00000000;00000;0000;00000000;00000;0000;00000000;00000;
8;22;014;15;16;29;0133;00000068;00525;000;0000;00000000;00000;0000;00000000;00000;0000;00000000;00000;0000;00000000;00000;0000;00000000;00000;
8;22;014;15;16;29;0135;00000064;00494;000;0000;00000000;00000;0000;00000000;00000;0000;00000000;00000;0000;00000000;00000;0000;00000000;00000;
8;22;015;15;15;00;0131;00000000;00000;000;0000;00000000;00000;0000;00000000;00000;0000;00000000;00000;0000;00000000;00000;0000;00000000;00000;
8;22;015;15;15;00;0132;00000000;00000;000;0000;00000000;00000;0000;00000000;00000;0000;00000000;00000;0000;00000000;00000;0000;00000000;00000;
8;22;015;15;15;00;0133;00000000;00000;000;0000;00000000;00000;0000;00000000;00000;0000;00000000;00000;0000;00000000;00000;0000;00000000;00000;
8;22;015;15;15;00;0135;00000000;00000;000;0000;00000000;00000;0000;00000000;00000;0000;00000000;00000;0000;00000000;00000;0000;00000000;00000;
8;22;015;15;15;00;0137;00000000;00000;000;0000;00000000;00000;0000;00000000;00000;0000;00000000;00000;0000;00000000;00000;0000;00000000;00000;
8;22;015;15;15;00;0138;00000000;00000;000;0000;00000000;00000;0000;00000000;00000;0000;00000000;00000;0000;00000000;00000;0000;00000000;00000;
8;22;016;15;16;29;0138;00001275;04757;000;0000;00000000;00000;0000;00000000;00000;0000;00000000;00000;0000;00000000;00000;0000;00000000;00000;
8;22;016;15;16;29;0131;00000428;01596;000;0000;00000000;00000;0000;00000000;00000;0000;00000000;00000;0000;00000000;00000;0000;00000000;00000;
8;22;016;15;16;29;0137;00000397;01481;000;0000;00000000;00000;0000;00000000;00000;0000;00000000;00000;0000;00000000;00000;0000;00000000;00000;
8;22;016;15;16;29;0132;00000250;00932;000;0000;00000000;00000;0000;00000000;00000;0000;00000000;00000;0000;00000000;00000;0000;00000000;00000;
8;22;016;15;16;29;0135;00000177;00660;000;0000;00000000;00000;0000;00000000;00000;0000;00000000;00000;0000;00000000;00000;0000;00000000;00000;
8;22;016;15;16;29;0133;00000154;00574;000;0000;00000000;00000;0000;00000000;00000;0000;00000000;00000;0000;00000000;00000;0000;00000000;00000;
8;22;017;15;16;29;0138;00000779;04824;000;0000;00000000;00000;0000;00000000;00000;0000;00000000;00000;0000;00000000;00000;0000;00000000;00000;
8;22;017;15;16;29;0131;00000266;01647;000;0000;00000000;00000;0000;00000000;00000;0000;00000000;00000;0000;00000000;00000;0000;00000000;00000;
8;22;017;15;16;29;0135;00000166;01028;000;0000;00000000;00000;0000;00000000;00000;0000;00000000;00000;0000;00000000;00000;0000;00000000;00000;
8;22;017;15;16;29;0137;00000152;00941;000;0000;00000000;00000;0000;00000000;00000;0000;00000000;00000;0000;00000000;00000;0000;00000000;00000;
8;22;017;15;16;29;0132;00000143;00885;000;0000;00000000;00000;0000;00000000;00000;0000;00000000;00000;0000;00000000;00000;0000;00000000;00000;
8;22;017;15;16;29;0133;00000109;00675;000;0000;00000000;00000;0000;00000000;00000;0000;00000000;00000;0000;00000000;00000;0000;00000000;00000;
8;22;018;15;16;29;0138;00000788;04733;000;0000;00000000;00000;0000;00000000;00000;0000;00000000;00000;0000;00000000;00000;0000;00000000;00000;
8;22;018;15;16;29;0131;00000263;01580;000;0000;00000000;00000;0000;00000000;00000;0000;00000000;00000;0000;00000000;00000;0000;00000000;00000;
8;22;018;15;16;29;0137;00000243;01459;000;0000;00000000;00000;0000;00000000;00000;0000;00000000;00000;0000;00000000;00000;0000;00000000;00000;
8;22;018;15;16;29;0132;00000196;01177;000;0000;00000000;00000;0000;00000000;00000;0000;00000000;00000;0000;00000000;00000;0000;00000000;00000;
8;22;018;15;16;29;0133;00000092;00553;000;0000;00000000;00000;0000;00000000;00000;0000;00000000;00000;0000;00000000;00000;0000;00000000;00000;
8;22;018;15;16;29;0135;00000083;00498;000;0000;00000000;00000;0000;00000000;00000;0000;00000000;00000;0000;00000000;00000;0000;00000000;00000;
8;22;019;15;16;29;0138;00000481;05015;000;0000;00000000;00000;0000;00000000;00000;0000;00000000;00000;0000;00000000;00000;0000;00000000;00000;
8;22;019;15;16;29;0131;00000140;01460;000;0000;00000000;00000;0000;00000000;00000;0000;00000000;00000;0000;00000000;00000;0000;00000000;00000;
8;22;019;15;16;29;0137;00000114;01189;000;0000;00000000;00000;0000;00000000;00000;0000;00000000;00000;0000;00000000;00000;0000;00000000;00000;
8;22;019;15;16;29;0132;00000094;00980;000;0000;00000000;00000;0000;00000000;00000;0000;00000000;00000;0000;00000000;00000;0000;00000000;00000;
8;22;019;15;16;29;0135;00000074;00772;000;0000;00000000;00000;0000;00000000;00000;0000;00000000;00000;0000;00000000;00000;0000;00000000;00000;
8;22;019;15;16;29;0133;00000056;00584;000;0000;00000000;00000;0000;00000000;00000;0000;00000000;00000;0000;00000000;00000;0000;00000000;00000;
8;22;020;15;15;00;0131;00000000;00000;000;0000;00000000;00000;0000;00000000;00000;0000;00000000;00000;0000;00000000;00000;0000;00000000;00000;
8;22;020;15;15;00;0132;00000000;00000;000;0000;00000000;00000;0000;00000000;00000;0000;00000000;00000;0000;00000000;00000;0000;00000000;00000;
8;22;020;15;15;00;0133;00000000;00000;000;0000;00000000;00000;0000;00000000;00000;0000;00000000;00000;0000;00000000;00000;0000;00000000;00000;
8;22;020;15;15;00;0135;00000000;00000;000;0000;00000000;00000;0000;00000000;00000;0000;00000000;00000;0000;00000000;00000;0000;00000000;00000;
8;22;020;15;15;00;0137;00000000;00000;000;0000;00000000;00000;0000;00000000;00000;0000;00000000;00000;0000;00000000;00000;0000;00000000;00000;
8;22;020;15;15;00;0138;00000000;00000;000;0000;00000000;00000;0000;00000000;00000;0000;00000000;00000;0000;00000000;00000;0000;00000000;00000;
8;22;021;15;16;29;0138;00001818;04883;000;0000;00000000;00000;0000;00000000;00000;0000;00000000;00000;0000;00000000;00000;0000;00000000;00000;
8;22;021;15;16;29;0131;00000614;01649;000;0000;00000000;00000;0000;00000000;00000;0000;00000000;00000;0000;00000000;00000;0000;00000000;00000;
8;22;021;15;16;29;0137;00000415;01114;000;0000;00000000;00000;0000;00000000;00000;0000;00000000;00000;0000;00000000;00000;0000;00000000;00000;
8;22;021;15;16;29;0132;00000361;00969;000;0000;00000000;00000;0000;00000000;00000;0000;00000000;00000;0000;00000000;00000;0000;00000000;00000;
8;22;021;15;16;29;0135;00000285;00765;000;0000;00000000;00000;0000;00000000;00000;0000;00000000;00000;0000;00000000;00000;0000;00000000;00000;
8;22;021;15;16;29;0133;00000231;00620;000;0000;00000000;00000;0000;00000000;00000;0000;00000000;00000;0000;00000000;00000;0000;00000000;00000;
8;22;022;15;16;29;0138;00002353;04936;000;0000;00000000;00000;0000;00000000;00000;0000;00000000;00000;0000;00000000;00000;0000;00000000;00000;
8;22;022;15;16;29;0131;00000804;01687;000;0000;00000000;00000;0000;00000000;00000;0000;00000000;00000;0000;00000000;00000;0000;00000000;00000;
8;22;022;15;16;29;0137;00000507;01064;000;0000;00000000;00000;0000;00000000;00000;0000;00000000;00000;0000;00000000;00000;0000;00000000;00000;
8;22;022;15;16;29;0132;00000441;00925;000;0000;00000000;00000;0000;00000000;00000;0000;00000000;00000;0000;00000000;00000;0000;00000000;00000;
8;22;022;15;16;29;0135;00000362;00759;000;0000;00000000;00000;0000;00000000;00000;0000;00000000;00000;0000;00000000;00000;0000;00000000;00000;
8;22;022;15;16;29;0133;00000300;00629;000;0000;00000000;00000;0000;00000000;00000;0000;00000000;00000;0000;00000000;00000;0000;00000000;00000;
8;22;023;15;16;29;0138;00000202;04601;000;0000;00000000;00000;0000;00000000;00000;0000;00000000;00000;0000;00000000;00000;0000;00000000;00000;
8;22;023;15;16;29;0132;00000075;01708;000;0000;00000000;00000;0000;00000000;00000;0000;00000000;00000;0000;00000000;00000;0000;00000000;00000;
8;22;023;15;16;29;0131;00000061;01390;000;0000;00000000;00000;0000;00000000;00000;0000;00000000;00000;0000;00000000;00000;0000;00000000;00000;
8;22;023;15;16;29;0137;00000055;01253;000;0000;00000000;00000;0000;00000000;00000;0000;00000000;00000;0000;00000000;00000;0000;00000000;00000;
8;22;023;15;16;29;0133;00000024;00547;000;0000;00000000;00000;0000;00000000;00000;0000;00000000;00000;0000;00000000;00000;0000;00000000;00000;
8;22;023;15;16;29;0135;00000022;00501;000;0000;00000000;00000;0000;00000000;00000;0000;00000000;00000;0000;00000000;00000;0000;00000000;00000;
8;22;024;15;16;29;0138;00000388;04592;000;0000;00000000;00000;0000;00000000;00000;0000;00000000;00000;0000;00000000;00000;0000;00000000;00000;
8;22;024;15;16;29;0137;00000157;01858;000;0000;00000000;00000;0000;00000000;00000;0000;00000000;00000;0000;00000000;00000;0000;00000000;00000;
8;22;024;15;16;29;0131;00000121;01432;000;0000;00000000;00000;0000;00000000;00000;0000;00000000;00000;0000;00000000;00000;0000;00000000;00000;
8;22;024;15;16;29;0132;00000095;01124;000;0000;00000000;00000;0000;00000000;00000;0000;00000000;00000;0000;00000000;00000;0000;00000000;00000;
8;22;024;15;16;29;0133;00000046;00544;000;0000;00000000;00000;0000;00000000;00000;0000;00000000;00000;0000;00000000;00000;0000;00000000;00000;
8;22;024;15;16;29;0135;00000038;00450;000;0000;00000000;00000;0000;00000000;00000;0000;00000000;00000;0000;00000000;00000;0000;00000000;00000;
8;22;025;15;16;29;0138;00000277;04390;000;0000;00000000;00000;0000;00000000;00000;0000;00000000;00000;0000;00000000;00000;0000;00000000;00000;
8;22;025;15;16;29;0137;00000123;01949;000;0000;00000000;00000;0000;00000000;00000;0000;00000000;00000;0000;00000000;00000;0000;00000000;00000;
8;22;025;15;16;29;0132;00000099;01569;000;0000;00000000;00000;0000;00000000;00000;0000;00000000;00000;0000;00000000;00000;0000;00000000;00000;
8;22;025;15;16;29;0131;00000070;01109;000;0000;00000000;00000;0000;00000000;00000;0000;00000000;00000;0000;00000000;00000;0000;00000000;00000;
8;22;025;15;16;29;0133;00000039;00618;000;0000;00000000;00000;0000;00000000;00000;0000;00000000;00000;0000;00000000;00000;0000;00000000;00000;
8;22;025;15;16;29;0135;00000023;00365;000;0000;00000000;00000;0000;00000000;00000;0000;00000000;00000;0000;00000000;00000;0000;00000000;00000;
8;22;026;15;16;29;0138;00000357;04519;000;0000;00000000;00000;0000;00000000;00000;0000;00000000;00000;0000;00000000;00000;0000;00000000;00000;
8;22;026;15;16;29;0137;00000140;01772;000;0000;00000000;00000;0000;00000000;00000;0000;00000000;00000;0000;00000000;00000;0000;00000000;00000;
8;22;026;15;16;29;0131;00000115;01456;000;0000;00000000;00000;0000;00000000;00000;0000;00000000;00000;0000;00000000;00000;0000;00000000;00000;
8;22;026;15;16;29;0132;00000097;01228;000;0000;00000000;00000;0000;00000000;00000;0000;00000000;00000;0000;00000000;00000;0000;00000000;00000;
8;22;026;15;16;29;0133;00000046;00582;000;0000;00000000;00000;0000;00000000;00000;0000;00000000;00000;0000;00000000;00000;0000;00000000;00000;
8;22;026;15;16;29;0135;00000035;00443;000;0000;00000000;00000;0000;00000000;00000;0000;00000000;00000;0000;00000000;00000;0000;00000000;00000;
8;22;027;15;16;29;0138;00001351;04971;000;0000;00000000;00000;0000;00000000;00000;0000;00000000;00000;0000;00000000;00000;0000;00000000;00000;
8;22;027;15;16;29;0131;00000446;01641;000;0000;00000000;00000;0000;00000000;00000;0000;00000000;00000;0000;00000000;00000;0000;00000000;00000;
8;22;027;15;16;29;0137;00000266;00979;000;0000;00000000;00000;0000;00000000;00000;0000;00000000;00000;0000;00000000;00000;0000;00000000;00000;
8;22;027;15;16;29;0132;00000261;00960;000;0000;00000000;00000;0000;00000000;00000;0000;00000000;00000;0000;00000000;00000;0000;00000000;00000;
8;22;027;15;16;29;0135;00000221;00813;000;0000;00000000;00000;0000;00000000;00000;0000;00000000;00000;0000;00000000;00000;0000;00000000;00000;
8;22;027;15;16;29;0133;00000173;00636;000;0000;00000000;00000;0000;00000000;00000;0000;00000000;00000;0000;00000000;00000;0000;00000000;00000;
8;22;999;15;16;29;0138;00035231;04891;000;0000;00000000;00000;0000;00000000;00000;0000;00000000;00000;0000;00000000;00000;0000;00000000;00000;
8;22;999;15;16;29;0131;00011123;01544;000;0000;00000000;00000;0000;00000000;00000;0000;00000000;00000;0000;00000000;00000;0000;00000000;00000;
8;22;999;15;16;29;0137;00008696;01207;000;0000;00000000;00000;0000;00000000;00000;0000;00000000;00000;0000;00000000;00000;0000;00000000;00000;
8;22;999;15;16;29;0132;00007247;01006;000;0000;00000000;00000;0000;00000000;00000;0000;00000000;00000;0000;00000000;00000;0000;00000000;00000;
8;22;999;15;16;29;0135;00005381;00747;000;0000;00000000;00000;0000;00000000;00000;0000;00000000;00000;0000;00000000;00000;0000;00000000;00000;
8;22;999;15;16;29;0133;00004355;00605;000;0000;00000000;00000;0000;00000000;00000;0000;00000000;00000;0000;00000000;00000;0000;00000000;00000;
9;22;001;15;16;29;0138;00017471;08577;000;0000;00000000;00000;0000;00000000;00000;0000;00000000;00000;0000;00000000;00000;0000;00000000;00000;
9;22;001;15;16;29;0135;00001543;00757;000;0000;00000000;00000;0000;00000000;00000;0000;00000000;00000;0000;00000000;00000;0000;00000000;00000;
9;22;001;15;16;29;0131;00001357;00666;000;0000;00000000;00000;0000;00000000;00000;0000;00000000;00000;0000;00000000;00000;0000;00000000;00000;
9;22;002;15;16;29;0138;00001458;08582;000;0000;00000000;00000;0000;00000000;00000;0000;00000000;00000;0000;00000000;00000;0000;00000000;00000;
9;22;002;15;16;29;0135;00000128;00753;000;0000;00000000;00000;0000;00000000;00000;0000;00000000;00000;0000;00000000;00000;0000;00000000;00000;
9;22;002;15;16;29;0131;00000113;00665;000;0000;00000000;00000;0000;00000000;00000;0000;00000000;00000;0000;00000000;00000;0000;00000000;00000;
9;22;003;15;16;29;0138;00000419;08621;000;0000;00000000;00000;0000;00000000;00000;0000;00000000;00000;0000;00000000;00000;0000;00000000;00000;
9;22;003;15;16;29;0135;00000036;00741;000;0000;00000000;00000;0000;00000000;00000;0000;00000000;00000;0000;00000000;00000;0000;00000000;00000;
9;22;003;15;16;29;0131;00000031;00638;000;0000;00000000;00000;0000;00000000;00000;0000;00000000;00000;0000;00000000;00000;0000;00000000;00000;
9;22;004;15;16;29;0138;00001288;08581;000;0000;00000000;00000;0000;00000000;00000;0000;00000000;00000;0000;00000000;00000;0000;00000000;00000;
9;22;004;15;16;29;0135;00000114;00759;000;0000;00000000;00000;0000;00000000;00000;0000;00000000;00000;0000;00000000;00000;0000;00000000;00000;
9;22;004;15;16;29;0131;00000099;00660;000;0000;00000000;00000;0000;00000000;00000;0000;00000000;00000;0000;00000000;00000;0000;00000000;00000;
9;22;005;15;16;29;0138;00000613;08586;000;0000;00000000;00000;0000;00000000;00000;0000;00000000;00000;0000;00000000;00000;0000;00000000;00000;
9;22;005;15;16;29;0135;00000054;00756;000;0000;00000000;00000;0000;00000000;00000;0000;00000000;00000;0000;00000000;00000;0000;00000000;00000;
9;22;005;15;16;29;0131;00000047;00658;000;0000;00000000;00000;0000;00000000;00000;0000;00000000;00000;0000;00000000;00000;0000;00000000;00000;
9;22;006;15;16;29;0138;00009074;08583;000;0000;00000000;00000;0000;00000000;00000;0000;00000000;00000;0000;00000000;00000;0000;00000000;00000;
9;22;006;15;16;29;0135;00000800;00757;000;0000;00000000;00000;0000;00000000;00000;0000;00000000;00000;0000;00000000;00000;0000;00000000;00000;
9;22;006;15;16;29;0131;00000698;00660;000;0000;00000000;00000;0000;00000000;00000;0000;00000000;00000;0000;00000000;00000;0000;00000000;00000;
9;22;007;15;16;29;0138;00000590;08601;000;0000;00000000;00000;0000;00000000;00000;0000;00000000;00000;0000;00000000;00000;0000;00000000;00000;
9;22;007;15;16;29;0135;00000052;00758;000;0000;00000000;00000;0000;00000000;00000;0000;00000000;00000;0000;00000000;00000;0000;00000000;00000;
9;22;007;15;16;29;0131;00000044;00641;000;0000;00000000;00000;0000;00000000;00000;0000;00000000;00000;0000;00000000;00000;0000;00000000;00000;
9;22;008;15;16;29;0138;00001408;08580;000;0000;00000000;00000;0000;00000000;00000;0000;00000000;00000;0000;00000000;00000;0000;00000000;00000;
9;22;008;15;16;29;0135;00000124;00756;000;0000;00000000;00000;0000;00000000;00000;0000;00000000;00000;0000;00000000;00000;0000;00000000;00000;
9;22;008;15;16;29;0131;00000109;00664;000;0000;00000000;00000;0000;00000000;00000;0000;00000000;00000;0000;00000000;00000;0000;00000000;00000;
9;22;009;15;16;29;0138;00002497;08590;000;0000;00000000;00000;0000;00000000;00000;0000;00000000;00000;0000;00000000;00000;0000;00000000;00000;
9;22;009;15;16;29;0135;00000217;00746;000;0000;00000000;00000;0000;00000000;00000;0000;00000000;00000;0000;00000000;00000;0000;00000000;00000;
9;22;009;15;16;29;0131;00000193;00664;000;0000;00000000;00000;0000;00000000;00000;0000;00000000;00000;0000;00000000;00000;0000;00000000;00000;
9;22;010;15;16;29;0138;00000767;08589;000;0000;00000000;00000;0000;00000000;00000;0000;00000000;00000;0000;00000000;00000;0000;00000000;00000;
9;22;010;15;16;29;0135;00000066;00739;000;0000;00000000;00000;0000;00000000;00000;0000;00000000;00000;0000;00000000;00000;0000;00000000;00000;
9;22;010;15;16;29;0131;00000060;00672;000;0000;00000000;00000;0000;00000000;00000;0000;00000000;00000;0000;00000000;00000;0000;00000000;00000;
9;22;011;15;16;29;0138;00000593;08594;000;0000;00000000;00000;0000;00000000;00000;0000;00000000;00000;0000;00000000;00000;0000;00000000;00000;
9;22;011;15;16;29;0135;00000052;00754;000;0000;00000000;00000;0000;00000000;00000;0000;00000000;00000;0000;00000000;00000;0000;00000000;00000;
9;22;011;15;16;29;0131;00000045;00652;000;0000;00000000;00000;0000;00000000;00000;0000;00000000;00000;0000;00000000;00000;0000;00000000;00000;
9;22;012;15;16;29;0138;00000816;08590;000;0000;00000000;00000;0000;00000000;00000;0000;00000000;00000;0000;00000000;00000;0000;00000000;00000;
9;22;012;15;16;29;0135;00000071;00747;000;0000;00000000;00000;0000;00000000;00000;0000;00000000;00000;0000;00000000;00000;0000;00000000;00000;
9;22;012;15;16;29;0131;00000063;00663;000;0000;00000000;00000;0000;00000000;00000;0000;00000000;00000;0000;00000000;00000;0000;00000000;00000;
9;22;013;15;16;29;0138;00001452;08576;000;0000;00000000;00000;0000;00000000;00000;0000;00000000;00000;0000;00000000;00000;0000;00000000;00000;
9;22;013;15;16;29;0135;00000129;00762;000;0000;00000000;00000;0000;00000000;00000;0000;00000000;00000;0000;00000000;00000;0000;00000000;00000;
9;22;013;15;16;29;0131;00000112;00662;000;0000;00000000;00000;0000;00000000;00000;0000;00000000;00000;0000;00000000;00000;0000;00000000;00000;
9;22;014;15;16;29;0138;00001000;08584;000;0000;00000000;00000;0000;00000000;00000;0000;00000000;00000;0000;00000000;00000;0000;00000000;00000;
9;22;014;15;16;29;0135;00000088;00755;000;0000;00000000;00000;0000;00000000;00000;0000;00000000;00000;0000;00000000;00000;0000;00000000;00000;
9;22;014;15;16;29;0131;00000077;00661;000;0000;00000000;00000;0000;00000000;00000;0000;00000000;00000;0000;00000000;00000;0000;00000000;00000;
9;22;015;15;15;00;0131;00000000;00000;000;0000;00000000;00000;0000;00000000;00000;0000;00000000;00000;0000;00000000;00000;0000;00000000;00000;
9;22;015;15;15;00;0135;00000000;00000;000;0000;00000000;00000;0000;00000000;00000;0000;00000000;00000;0000;00000000;00000;0000;00000000;00000;
9;22;015;15;15;00;0138;00000000;00000;000;0000;00000000;00000;0000;00000000;00000;0000;00000000;00000;0000;00000000;00000;0000;00000000;00000;
9;22;016;15;16;29;0138;00002067;08580;000;0000;00000000;00000;0000;00000000;00000;0000;00000000;00000;0000;00000000;00000;0000;00000000;00000;
9;22;016;15;16;29;0135;00000182;00756;000;0000;00000000;00000;0000;00000000;00000;0000;00000000;00000;0000;00000000;00000;0000;00000000;00000;
9;22;016;15;16;29;0131;00000160;00664;000;0000;00000000;00000;0000;00000000;00000;0000;00000000;00000;0000;00000000;00000;0000;00000000;00000;
9;22;017;15;16;29;0138;00001246;08581;000;0000;00000000;00000;0000;00000000;00000;0000;00000000;00000;0000;00000000;00000;0000;00000000;00000;
9;22;017;15;16;29;0135;00000110;00758;000;0000;00000000;00000;0000;00000000;00000;0000;00000000;00000;0000;00000000;00000;0000;00000000;00000;
9;22;017;15;16;29;0131;00000096;00661;000;0000;00000000;00000;0000;00000000;00000;0000;00000000;00000;0000;00000000;00000;0000;00000000;00000;
9;22;018;15;16;29;0138;00001285;08589;000;0000;00000000;00000;0000;00000000;00000;0000;00000000;00000;0000;00000000;00000;0000;00000000;00000;
9;22;018;15;16;29;0135;00000112;00749;000;0000;00000000;00000;0000;00000000;00000;0000;00000000;00000;0000;00000000;00000;0000;00000000;00000;
9;22;018;15;16;29;0131;00000099;00662;000;0000;00000000;00000;0000;00000000;00000;0000;00000000;00000;0000;00000000;00000;0000;00000000;00000;
9;22;019;15;16;29;0138;00000738;08571;000;0000;00000000;00000;0000;00000000;00000;0000;00000000;00000;0000;00000000;00000;0000;00000000;00000;
9;22;019;15;16;29;0135;00000065;00755;000;0000;00000000;00000;0000;00000000;00000;0000;00000000;00000;0000;00000000;00000;0000;00000000;00000;
9;22;019;15;16;29;0131;00000058;00674;000;0000;00000000;00000;0000;00000000;00000;0000;00000000;00000;0000;00000000;00000;0000;00000000;00000;
9;22;020;15;15;00;0131;00000000;00000;000;0000;00000000;00000;0000;00000000;00000;0000;00000000;00000;0000;00000000;00000;0000;00000000;00000;
9;22;020;15;15;00;0135;00000000;00000;000;0000;00000000;00000;0000;00000000;00000;0000;00000000;00000;0000;00000000;00000;0000;00000000;00000;
9;22;020;15;15;00;0138;00000000;00000;000;0000;00000000;00000;0000;00000000;00000;0000;00000000;00000;0000;00000000;00000;0000;00000000;00000;
9;22;021;15;16;29;0138;00002875;08580;000;0000;00000000;00000;0000;00000000;00000;0000;00000000;00000;0000;00000000;00000;0000;00000000;00000;
9;22;021;15;16;29;0135;00000253;00755;000;0000;00000000;00000;0000;00000000;00000;0000;00000000;00000;0000;00000000;00000;0000;00000000;00000;
9;22;021;15;16;29;0131;00000223;00665;000;0000;00000000;00000;0000;00000000;00000;0000;00000000;00000;0000;00000000;00000;0000;00000000;00000;
9;22;022;15;16;29;0138;00003676;08589;000;0000;00000000;00000;0000;00000000;00000;0000;00000000;00000;0000;00000000;00000;0000;00000000;00000;
9;22;022;15;16;29;0135;00000324;00757;000;0000;00000000;00000;0000;00000000;00000;0000;00000000;00000;0000;00000000;00000;0000;00000000;00000;
9;22;022;15;16;29;0131;00000280;00654;000;0000;00000000;00000;0000;00000000;00000;0000;00000000;00000;0000;00000000;00000;0000;00000000;00000;
9;22;023;15;16;29;0138;00000339;08604;000;0000;00000000;00000;0000;00000000;00000;0000;00000000;00000;0000;00000000;00000;0000;00000000;00000;
9;22;023;15;16;29;0135;00000029;00736;000;0000;00000000;00000;0000;00000000;00000;0000;00000000;00000;0000;00000000;00000;0000;00000000;00000;
9;22;023;15;16;29;0131;00000026;00660;000;0000;00000000;00000;0000;00000000;00000;0000;00000000;00000;0000;00000000;00000;0000;00000000;00000;
9;22;024;15;16;29;0138;00000652;08590;000;0000;00000000;00000;0000;00000000;00000;0000;00000000;00000;0000;00000000;00000;0000;00000000;00000;
9;22;024;15;16;29;0135;00000057;00751;000;0000;00000000;00000;0000;00000000;00000;0000;00000000;00000;0000;00000000;00000;0000;00000000;00000;
9;22;024;15;16;29;0131;00000050;00659;000;0000;00000000;00000;0000;00000000;00000;0000;00000000;00000;0000;00000000;00000;0000;00000000;00000;
9;22;025;15;16;29;0138;00000490;08627;000;0000;00000000;00000;0000;00000000;00000;0000;00000000;00000;0000;00000000;00000;0000;00000000;00000;
9;22;025;15;16;29;0135;00000041;00722;000;0000;00000000;00000;0000;00000000;00000;0000;00000000;00000;0000;00000000;00000;0000;00000000;00000;
9;22;025;15;16;29;0131;00000037;00651;000;0000;00000000;00000;0000;00000000;00000;0000;00000000;00000;0000;00000000;00000;0000;00000000;00000;
9;22;026;15;16;29;0138;00000612;08596;000;0000;00000000;00000;0000;00000000;00000;0000;00000000;00000;0000;00000000;00000;0000;00000000;00000;
9;22;026;15;16;29;0135;00000052;00730;000;0000;00000000;00000;0000;00000000;00000;0000;00000000;00000;0000;00000000;00000;0000;00000000;00000;
9;22;026;15;16;29;0131;00000048;00674;000;0000;00000000;00000;0000;00000000;00000;0000;00000000;00000;0000;00000000;00000;0000;00000000;00000;
9;22;027;15;16;29;0138;00002094;08582;000;0000;00000000;00000;0000;00000000;00000;0000;00000000;00000;0000;00000000;00000;0000;00000000;00000;
9;22;027;15;16;29;0135;00000185;00758;000;0000;00000000;00000;0000;00000000;00000;0000;00000000;00000;0000;00000000;00000;0000;00000000;00000;
9;22;027;15;16;29;0131;00000161;00660;000;0000;00000000;00000;0000;00000000;00000;0000;00000000;00000;0000;00000000;00000;0000;00000000;00000;
9;22;999;15;16;29;0138;00055520;08582;000;0000;00000000;00000;0000;00000000;00000;0000;00000000;00000;0000;00000000;00000;0000;00000000;00000;
9;22;999;15;16;29;0135;00004884;00755;000;0000;00000000;00000;0000;00000000;00000;0000;00000000;00000;0000;00000000;00000;0000;00000000;00000;
9;22;999;15;16;29;0131;00004286;00663;000;0000;00000000;00000;0000;00000000;00000;0000;00000000;00000;0000;00000000;00000;0000;00000000;00000;
1;22;001;15;16;29;0133;00025214;06477;000;0133;00025214;06477;0000;00000000;00000;0000;00000000;00000;0000;00000000;00000;0000;00000000;00000;
1;22;001;15;16;29;0135;00005749;01477;000;0135;00005749;01477;0000;00000000;00000;0000;00000000;00000;0000;00000000;00000;0000;00000000;00000;
1;22;001;15;16;29;0132;00003035;00780;000;0132;00003035;00780;0000;00000000;00000;0000;00000000;00000;0000;00000000;00000;0000;00000000;00000;
1;22;001;15;16;29;0131;00002644;00679;000;0131;00002644;00679;0000;00000000;00000;0000;00000000;00000;0000;00000000;00000;0000;00000000;00000;
1;22;001;15;16;29;0137;00001864;00479;000;0137;00001864;00479;0000;00000000;00000;0000;00000000;00000;0000;00000000;00000;0000;00000000;00000;
1;22;001;15;16;29;0138;00000421;00108;000;0138;00000421;00108;0000;00000000;00000;0000;00000000;00000;0000;00000000;00000;0000;00000000;00000;
1;22;002;15;16;29;0133;00002106;06478;000;0133;00002106;06478;0000;00000000;00000;0000;00000000;00000;0000;00000000;00000;0000;00000000;00000;
1;22;002;15;16;29;0135;00000479;01473;000;0135;00000479;01473;0000;00000000;00000;0000;00000000;00000;0000;00000000;00000;0000;00000000;00000;
1;22;002;15;16;29;0132;00000252;00775;000;0132;00000252;00775;0000;00000000;00000;0000;00000000;00000;0000;00000000;00000;0000;00000000;00000;
1;22;002;15;16;29;0131;00000221;00680;000;0131;00000221;00680;0000;00000000;00000;0000;00000000;00000;0000;00000000;00000;0000;00000000;00000;
1;22;002;15;16;29;0137;00000153;00471;000;0137;00000153;00471;0000;00000000;00000;0000;00000000;00000;0000;00000000;00000;0000;00000000;00000;
1;22;002;15;16;29;0138;00000040;00123;000;0138;00000040;00123;0000;00000000;00000;0000;00000000;00000;0000;00000000;00000;0000;00000000;00000;
1;22;003;15;16;29;0133;00000602;06487;000;0133;00000602;06487;0000;00000000;00000;0000;00000000;00000;0000;00000000;00000;0000;00000000;00000;
1;22;003;15;16;29;0135;00000137;01476;000;0135;00000137;01476;0000;00000000;00000;0000;00000000;00000;0000;00000000;00000;0000;00000000;00000;
1;22;003;15;16;29;0132;00000072;00776;000;0132;00000072;00776;0000;00000000;00000;0000;00000000;00000;0000;00000000;00000;0000;00000000;00000;
1;22;003;15;16;29;0131;00000062;00668;000;0131;00000062;00668;0000;00000000;00000;0000;00000000;00000;0000;00000000;00000;0000;00000000;00000;
1;22;003;15;16;29;0137;00000044;00474;000;0137;00000044;00474;0000;00000000;00000;0000;00000000;00000;0000;00000000;00000;0000;00000000;00000;
1;22;003;15;16;29;0138;00000011;00119;000;0138;00000011;00119;0000;00000000;00000;0000;00000000;00000;0000;00000000;00000;0000;00000000;00000;
1;22;004;15;16;29;0133;00001858;06478;000;0133;00001858;06478;0000;00000000;00000;0000;00000000;00000;0000;00000000;00000;0000;00000000;00000;
1;22;004;15;16;29;0135;00000423;01475;000;0135;00000423;01475;0000;00000000;00000;0000;00000000;00000;0000;00000000;00000;0000;00000000;00000;
1;22;004;15;16;29;0132;00000223;00778;000;0132;00000223;00778;0000;00000000;00000;0000;00000000;00000;0000;00000000;00000;0000;00000000;00000;
1;22;004;15;16;29;0131;00000195;00680;000;0131;00000195;00680;0000;00000000;00000;0000;00000000;00000;0000;00000000;00000;0000;00000000;00000;
1;22;004;15;16;29;0137;00000137;00478;000;0137;00000137;00478;0000;00000000;00000;0000;00000000;00000;0000;00000000;00000;0000;00000000;00000;
1;22;004;15;16;29;0138;00000032;00111;000;0138;00000032;00111;0000;00000000;00000;0000;00000000;00000;0000;00000000;00000;0000;00000000;00000;
1;22;005;15;16;29;0133;00000879;06473;000;0133;00000879;06473;0000;00000000;00000;0000;00000000;00000;0000;00000000;00000;0000;00000000;00000;
1;22;005;15;16;29;0135;00000200;01473;000;0135;00000200;01473;0000;00000000;00000;0000;00000000;00000;0000;00000000;00000;0000;00000000;00000;
1;22;005;15;16;29;0132;00000105;00773;000;0132;00000105;00773;0000;00000000;00000;0000;00000000;00000;0000;00000000;00000;0000;00000000;00000;
1;22;005;15;16;29;0131;00000092;00677;000;0131;00000092;00677;0000;00000000;00000;0000;00000000;00000;0000;00000000;00000;0000;00000000;00000;
1;22;005;15;16;29;0137;00000065;00479;000;0137;00000065;00479;0000;00000000;00000;0000;00000000;00000;0000;00000000;00000;0000;00000000;00000;
1;22;005;15;16;29;0138;00000017;00125;000;0138;00000017;00125;0000;00000000;00000;0000;00000000;00000;0000;00000000;00000;0000;00000000;00000;
1;22;006;15;16;29;0133;00013079;06476;000;0133;00013079;06476;0000;00000000;00000;0000;00000000;00000;0000;00000000;00000;0000;00000000;00000;
1;22;006;15;16;29;0135;00002983;01477;000;0135;00002983;01477;0000;00000000;00000;0000;00000000;00000;0000;00000000;00000;0000;00000000;00000;
1;22;006;15;16;29;0132;00001574;00779;000;0132;00001574;00779;0000;00000000;00000;0000;00000000;00000;0000;00000000;00000;0000;00000000;00000;
1;22;006;15;16;29;0131;00001373;00680;000;0131;00001373;00680;0000;00000000;00000;0000;00000000;00000;0000;00000000;00000;0000;00000000;00000;
1;22;006;15;16;29;0137;00000967;00479;000;0137;00000967;00479;0000;00000000;00000;0000;00000000;00000;0000;00000000;00000;0000;00000000;00000;
1;22;006;15;16;29;0138;00000220;00109;000;0138;00000220;00109;0000;00000000;00000;0000;00000000;00000;0000;00000000;00000;0000;00000000;00000;
1;22;007;15;16;29;0133;00000852;06479;000;0133;00000852;06479;0000;00000000;00000;0000;00000000;00000;0000;00000000;00000;0000;00000000;00000;
1;22;007;15;16;29;0135;00000194;01475;000;0135;00000194;01475;0000;00000000;00000;0000;00000000;00000;0000;00000000;00000;0000;00000000;00000;
1;22;007;15;16;29;0132;00000101;00768;000;0132;00000101;00768;0000;00000000;00000;0000;00000000;00000;0000;00000000;00000;0000;00000000;00000;
1;22;007;15;16;29;0131;00000089;00677;000;0131;00000089;00677;0000;00000000;00000;0000;00000000;00000;0000;00000000;00000;0000;00000000;00000;
1;22;007;15;16;29;0137;00000062;00471;000;0137;00000062;00471;0000;00000000;00000;0000;00000000;00000;0000;00000000;00000;0000;00000000;00000;
1;22;007;15;16;29;0138;00000017;00130;000;0138;00000017;00130;0000;00000000;00000;0000;00000000;00000;0000;00000000;00000;0000;00000000;00000;
1;22;008;15;16;29;0133;00002031;06476;000;0133;00002031;06476;0000;00000000;00000;0000;00000000;00000;0000;00000000;00000;0000;00000000;00000;
1;22;008;15;16;29;0135;00000464;01480;000;0135;00000464;01480;0000;00000000;00000;0000;00000000;00000;0000;00000000;00000;0000;00000000;00000;
1;22;008;15;16;29;0132;00000244;00778;000;0132;00000244;00778;0000;00000000;00000;0000;00000000;00000;0000;00000000;00000;0000;00000000;00000;
1;22;008;15;16;29;0131;00000214;00682;000;0131;00000214;00682;0000;00000000;00000;0000;00000000;00000;0000;00000000;00000;0000;00000000;00000;
1;22;008;15;16;29;0137;00000150;00478;000;0137;00000150;00478;0000;00000000;00000;0000;00000000;00000;0000;00000000;00000;0000;00000000;00000;
1;22;008;15;16;29;0138;00000033;00106;000;0138;00000033;00106;0000;00000000;00000;0000;00000000;00000;0000;00000000;00000;0000;00000000;00000;
1;22;009;15;16;29;0133;00003591;06477;000;0133;00003591;06477;0000;00000000;00000;0000;00000000;00000;0000;00000000;00000;0000;00000000;00000;
1;22;009;15;16;29;0135;00000820;01479;000;0135;00000820;01479;0000;00000000;00000;0000;00000000;00000;0000;00000000;00000;0000;00000000;00000;
1;22;009;15;16;29;0132;00000432;00779;000;0132;00000432;00779;0000;00000000;00000;0000;00000000;00000;0000;00000000;00000;0000;00000000;00000;
1;22;009;15;16;29;0131;00000372;00671;000;0131;00000372;00671;0000;00000000;00000;0000;00000000;00000;0000;00000000;00000;0000;00000000;00000;
1;22;009;15;16;29;0137;00000264;00476;000;0137;00000264;00476;0000;00000000;00000;0000;00000000;00000;0000;00000000;00000;0000;00000000;00000;
1;22;009;15;16;29;0138;00000065;00118;000;0138;00000065;00118;0000;00000000;00000;0000;00000000;00000;0000;00000000;00000;0000;00000000;00000;
1;22;010;15;16;29;0133;00001103;06469;000;0133;00001103;06469;0000;00000000;00000;0000;00000000;00000;0000;00000000;00000;0000;00000000;00000;
1;22;010;15;16;29;0135;00000251;01472;000;0135;00000251;01472;0000;00000000;00000;0000;00000000;00000;0000;00000000;00000;0000;00000000;00000;
1;22;010;15;16;29;0132;00000133;00780;000;0132;00000133;00780;0000;00000000;00000;0000;00000000;00000;0000;00000000;00000;0000;00000000;00000;
1;22;010;15;16;29;0131;00000114;00669;000;0131;00000114;00669;0000;00000000;00000;0000;00000000;00000;0000;00000000;00000;0000;00000000;00000;
1;22;010;15;16;29;0137;00000081;00475;000;0137;00000081;00475;0000;00000000;00000;0000;00000000;00000;0000;00000000;00000;0000;00000000;00000;
1;22;010;15;16;29;0138;00000023;00135;000;0138;00000023;00135;0000;00000000;00000;0000;00000000;00000;0000;00000000;00000;0000;00000000;00000;
1;22;011;15;16;29;0133;00000851;06476;000;0133;00000851;06476;0000;00000000;00000;0000;00000000;00000;0000;00000000;00000;0000;00000000;00000;
1;22;011;15;16;29;0135;00000194;01476;000;0135;00000194;01476;0000;00000000;00000;0000;00000000;00000;0000;00000000;00000;0000;00000000;00000;
1;22;011;15;16;29;0132;00000102;00776;000;0132;00000102;00776;0000;00000000;00000;0000;00000000;00000;0000;00000000;00000;0000;00000000;00000;
1;22;011;15;16;29;0131;00000088;00670;000;0131;00000088;00670;0000;00000000;00000;0000;00000000;00000;0000;00000000;00000;0000;00000000;00000;
1;22;011;15;16;29;0137;00000062;00472;000;0137;00000062;00472;0000;00000000;00000;0000;00000000;00000;0000;00000000;00000;0000;00000000;00000;
1;22;011;15;16;29;0138;00000017;00130;000;0138;00000017;00130;0000;00000000;00000;0000;00000000;00000;0000;00000000;00000;0000;00000000;00000;
1;22;012;15;16;29;0133;00001174;06468;000;0133;00001174;06468;0000;00000000;00000;0000;00000000;00000;0000;00000000;00000;0000;00000000;00000;
1;22;012;15;16;29;0135;00000266;01466;000;0135;00000266;01466;0000;00000000;00000;0000;00000000;00000;0000;00000000;00000;0000;00000000;00000;
1;22;012;15;16;29;0132;00000141;00777;000;0132;00000141;00777;0000;00000000;00000;0000;00000000;00000;0000;00000000;00000;0000;00000000;00000;
1;22;012;15;16;29;0131;00000122;00672;000;0131;00000122;00672;0000;00000000;00000;0000;00000000;00000;0000;00000000;00000;0000;00000000;00000;
1;22;012;15;16;29;0137;00000087;00479;000;0137;00000087;00479;0000;00000000;00000;0000;00000000;00000;0000;00000000;00000;0000;00000000;00000;
1;22;012;15;16;29;0138;00000025;00138;000;0138;00000025;00138;0000;00000000;00000;0000;00000000;00000;0000;00000000;00000;0000;00000000;00000;
1;22;013;15;16;29;0133;00002093;06472;000;0133;00002093;06472;0000;00000000;00000;0000;00000000;00000;0000;00000000;00000;0000;00000000;00000;
1;22;013;15;16;29;0135;00000477;01475;000;0135;00000477;01475;0000;00000000;00000;0000;00000000;00000;0000;00000000;00000;0000;00000000;00000;
1;22;013;15;16;29;0132;00000252;00779;000;0132;00000252;00779;0000;00000000;00000;0000;00000000;00000;0000;00000000;00000;0000;00000000;00000;
1;22;013;15;16;29;0131;00000221;00683;000;0131;00000221;00683;0000;00000000;00000;0000;00000000;00000;0000;00000000;00000;0000;00000000;00000;
1;22;013;15;16;29;0137;00000154;00476;000;0137;00000154;00476;0000;00000000;00000;0000;00000000;00000;0000;00000000;00000;0000;00000000;00000;
1;22;013;15;16;29;0138;00000037;00115;000;0138;00000037;00115;0000;00000000;00000;0000;00000000;00000;0000;00000000;00000;0000;00000000;00000;
1;22;014;15;16;29;0133;00001438;06475;000;0133;00001438;06475;0000;00000000;00000;0000;00000000;00000;0000;00000000;00000;0000;00000000;00000;
1;22;014;15;16;29;0135;00000328;01477;000;0135;00000328;01477;0000;00000000;00000;0000;00000000;00000;0000;00000000;00000;0000;00000000;00000;
1;22;014;15;16;29;0132;00000172;00774;000;0132;00000172;00774;0000;00000000;00000;0000;00000000;00000;0000;00000000;00000;0000;00000000;00000;
1;22;014;15;16;29;0131;00000151;00680;000;0131;00000151;00680;0000;00000000;00000;0000;00000000;00000;0000;00000000;00000;0000;00000000;00000;
1;22;014;15;16;29;0137;00000106;00477;000;0137;00000106;00477;0000;00000000;00000;0000;00000000;00000;0000;00000000;00000;0000;00000000;00000;
1;22;014;15;16;29;0138;00000026;00117;000;0138;00000026;00117;0000;00000000;00000;0000;00000000;00000;0000;00000000;00000;0000;00000000;00000;
1;22;015;15;15;00;0131;00000000;00000;000;0131;00000000;00000;0000;00000000;00000;0000;00000000;00000;0000;00000000;00000;0000;00000000;00000;
1;22;015;15;15;00;0132;00000000;00000;000;0132;00000000;00000;0000;00000000;00000;0000;00000000;00000;0000;00000000;00000;0000;00000000;00000;
1;22;015;15;15;00;0133;00000000;00000;000;0133;00000000;00000;0000;00000000;00000;0000;00000000;00000;0000;00000000;00000;0000;00000000;00000;
1;22;015;15;15;00;0135;00000000;00000;000;0135;00000000;00000;0000;00000000;00000;0000;00000000;00000;0000;00000000;00000;0000;00000000;00000;
1;22;015;15;15;00;0137;00000000;00000;000;0137;00000000;00000;0000;00000000;00000;0000;00000000;00000;0000;00000000;00000;0000;00000000;00000;
1;22;015;15;15;00;0138;00000000;00000;000;0138;00000000;00000;0000;00000000;00000;0000;00000000;00000;0000;00000000;00000;0000;00000000;00000;
1;22;016;15;16;29;0133;00002987;06475;000;0133;00002987;06475;0000;00000000;00000;0000;00000000;00000;0000;00000000;00000;0000;00000000;00000;
1;22;016;15;16;29;0135;00000682;01478;000;0135;00000682;01478;0000;00000000;00000;0000;00000000;00000;0000;00000000;00000;0000;00000000;00000;
1;22;016;15;16;29;0132;00000358;00776;000;0132;00000358;00776;0000;00000000;00000;0000;00000000;00000;0000;00000000;00000;0000;00000000;00000;
1;22;016;15;16;29;0131;00000314;00681;000;0131;00000314;00681;0000;00000000;00000;0000;00000000;00000;0000;00000000;00000;0000;00000000;00000;
1;22;016;15;16;29;0137;00000220;00477;000;0137;00000220;00477;0000;00000000;00000;0000;00000000;00000;0000;00000000;00000;0000;00000000;00000;
1;22;016;15;16;29;0138;00000052;00113;000;0138;00000052;00113;0000;00000000;00000;0000;00000000;00000;0000;00000000;00000;0000;00000000;00000;
1;22;017;15;16;29;0133;00001797;06476;000;0133;00001797;06476;0000;00000000;00000;0000;00000000;00000;0000;00000000;00000;0000;00000000;00000;
1;22;017;15;16;29;0135;00000408;01470;000;0135;00000408;01470;0000;00000000;00000;0000;00000000;00000;0000;00000000;00000;0000;00000000;00000;
1;22;017;15;16;29;0132;00000216;00778;000;0132;00000216;00778;0000;00000000;00000;0000;00000000;00000;0000;00000000;00000;0000;00000000;00000;
1;22;017;15;16;29;0131;00000188;00677;000;0131;00000188;00677;0000;00000000;00000;0000;00000000;00000;0000;00000000;00000;0000;00000000;00000;
1;22;017;15;16;29;0137;00000131;00472;000;0137;00000131;00472;0000;00000000;00000;0000;00000000;00000;0000;00000000;00000;0000;00000000;00000;
1;22;017;15;16;29;0138;00000035;00127;000;0138;00000035;00127;0000;00000000;00000;0000;00000000;00000;0000;00000000;00000;0000;00000000;00000;
1;22;018;15;16;29;0133;00001850;06482;000;0133;00001850;06482;0000;00000000;00000;0000;00000000;00000;0000;00000000;00000;0000;00000000;00000;
1;22;018;15;16;29;0135;00000422;01479;000;0135;00000422;01479;0000;00000000;00000;0000;00000000;00000;0000;00000000;00000;0000;00000000;00000;
1;22;018;15;16;29;0132;00000222;00778;000;0132;00000222;00778;0000;00000000;00000;0000;00000000;00000;0000;00000000;00000;0000;00000000;00000;
1;22;018;15;16;29;0131;00000194;00680;000;0131;00000194;00680;0000;00000000;00000;0000;00000000;00000;0000;00000000;00000;0000;00000000;00000;
1;22;018;15;16;29;0137;00000136;00477;000;0137;00000136;00477;0000;00000000;00000;0000;00000000;00000;0000;00000000;00000;0000;00000000;00000;
1;22;018;15;16;29;0138;00000030;00104;000;0138;00000030;00104;0000;00000000;00000;0000;00000000;00000;0000;00000000;00000;0000;00000000;00000;
1;22;019;15;16;29;0133;00001065;06470;000;0133;00001065;06470;0000;00000000;00000;0000;00000000;00000;0000;00000000;00000;0000;00000000;00000;
1;22;019;15;16;29;0135;00000244;01482;000;0135;00000244;01482;0000;00000000;00000;0000;00000000;00000;0000;00000000;00000;0000;00000000;00000;
1;22;019;15;16;29;0132;00000128;00778;000;0132;00000128;00778;0000;00000000;00000;0000;00000000;00000;0000;00000000;00000;0000;00000000;00000;
1;22;019;15;16;29;0131;00000113;00687;000;0131;00000113;00687;0000;00000000;00000;0000;00000000;00000;0000;00000000;00000;0000;00000000;00000;
1;22;019;15;16;29;0137;00000079;00480;000;0137;00000079;00480;0000;00000000;00000;0000;00000000;00000;0000;00000000;00000;0000;00000000;00000;
1;22;019;15;16;29;0138;00000017;00103;000;0138;00000017;00103;0000;00000000;00000;0000;00000000;00000;0000;00000000;00000;0000;00000000;00000;
1;22;020;15;15;00;0131;00000000;00000;000;0131;00000000;00000;0000;00000000;00000;0000;00000000;00000;0000;00000000;00000;0000;00000000;00000;
1;22;020;15;15;00;0132;00000000;00000;000;0132;00000000;00000;0000;00000000;00000;0000;00000000;00000;0000;00000000;00000;0000;00000000;00000;
1;22;020;15;15;00;0133;00000000;00000;000;0133;00000000;00000;0000;00000000;00000;0000;00000000;00000;0000;00000000;00000;0000;00000000;00000;
1;22;020;15;15;00;0135;00000000;00000;000;0135;00000000;00000;0000;00000000;00000;0000;00000000;00000;0000;00000000;00000;0000;00000000;00000;
1;22;020;15;15;00;0137;00000000;00000;000;0137;00000000;00000;0000;00000000;00000;0000;00000000;00000;0000;00000000;00000;0000;00000000;00000;
1;22;020;15;15;00;0138;00000000;00000;000;0138;00000000;00000;0000;00000000;00000;0000;00000000;00000;0000;00000000;00000;0000;00000000;00000;
1;22;021;15;16;29;0133;00004136;06476;000;0133;00004136;06476;0000;00000000;00000;0000;00000000;00000;0000;00000000;00000;0000;00000000;00000;
1;22;021;15;16;29;0135;00000941;01473;000;0135;00000941;01473;0000;00000000;00000;0000;00000000;00000;0000;00000000;00000;0000;00000000;00000;
1;22;021;15;16;29;0132;00000498;00780;000;0132;00000498;00780;0000;00000000;00000;0000;00000000;00000;0000;00000000;00000;0000;00000000;00000;
1;22;021;15;16;29;0131;00000434;00680;000;0131;00000434;00680;0000;00000000;00000;0000;00000000;00000;0000;00000000;00000;0000;00000000;00000;
1;22;021;15;16;29;0137;00000307;00481;000;0137;00000307;00481;0000;00000000;00000;0000;00000000;00000;0000;00000000;00000;0000;00000000;00000;
1;22;021;15;16;29;0138;00000071;00110;000;0138;00000071;00110;0000;00000000;00000;0000;00000000;00000;0000;00000000;00000;0000;00000000;00000;
1;22;022;15;16;29;0133;00005300;06471;000;0133;00005300;06471;0000;00000000;00000;0000;00000000;00000;0000;00000000;00000;0000;00000000;00000;
1;22;022;15;16;29;0135;00001206;01472;000;0135;00001206;01472;0000;00000000;00000;0000;00000000;00000;0000;00000000;00000;0000;00000000;00000;
1;22;022;15;16;29;0132;00000637;00778;000;0132;00000637;00778;0000;00000000;00000;0000;00000000;00000;0000;00000000;00000;0000;00000000;00000;
1;22;022;15;16;29;0131;00000556;00679;000;0131;00000556;00679;0000;00000000;00000;0000;00000000;00000;0000;00000000;00000;0000;00000000;00000;
1;22;022;15;16;29;0137;00000392;00479;000;0137;00000392;00479;0000;00000000;00000;0000;00000000;00000;0000;00000000;00000;0000;00000000;00000;
1;22;022;15;16;29;0138;00000100;00121;000;0138;00000100;00121;0000;00000000;00000;0000;00000000;00000;0000;00000000;00000;0000;00000000;00000;
1;22;023;15;16;29;0133;00000488;06472;000;0133;00000488;06472;0000;00000000;00000;0000;00000000;00000;0000;00000000;00000;0000;00000000;00000;
1;22;023;15;16;29;0135;00000111;01472;000;0135;00000111;01472;0000;00000000;00000;0000;00000000;00000;0000;00000000;00000;0000;00000000;00000;
1;22;023;15;16;29;0132;00000059;00782;000;0132;00000059;00782;0000;00000000;00000;0000;00000000;00000;0000;00000000;00000;0000;00000000;00000;
1;22;023;15;16;29;0131;00000050;00663;000;0131;00000050;00663;0000;00000000;00000;0000;00000000;00000;0000;00000000;00000;0000;00000000;00000;
1;22;023;15;16;29;0137;00000036;00477;000;0137;00000036;00477;0000;00000000;00000;0000;00000000;00000;0000;00000000;00000;0000;00000000;00000;
1;22;023;15;16;29;0138;00000010;00134;000;0138;00000010;00134;0000;00000000;00000;0000;00000000;00000;0000;00000000;00000;0000;00000000;00000;
1;22;024;15;16;29;0133;00000938;06473;000;0133;00000938;06473;0000;00000000;00000;0000;00000000;00000;0000;00000000;00000;0000;00000000;00000;
1;22;024;15;16;29;0135;00000214;01477;000;0135;00000214;01477;0000;00000000;00000;0000;00000000;00000;0000;00000000;00000;0000;00000000;00000;
1;22;024;15;16;29;0132;00000113;00780;000;0132;00000113;00780;0000;00000000;00000;0000;00000000;00000;0000;00000000;00000;0000;00000000;00000;
1;22;024;15;16;29;0131;00000098;00676;000;0131;00000098;00676;0000;00000000;00000;0000;00000000;00000;0000;00000000;00000;0000;00000000;00000;
1;22;024;15;16;29;0137;00000070;00483;000;0137;00000070;00483;0000;00000000;00000;0000;00000000;00000;0000;00000000;00000;0000;00000000;00000;
1;22;024;15;16;29;0138;00000016;00111;000;0138;00000016;00111;0000;00000000;00000;0000;00000000;00000;0000;00000000;00000;0000;00000000;00000;
1;22;025;15;16;29;0133;00000697;06472;000;0133;00000697;06472;0000;00000000;00000;0000;00000000;00000;0000;00000000;00000;0000;00000000;00000;
1;22;025;15;16;29;0135;00000158;01467;000;0135;00000158;01467;0000;00000000;00000;0000;00000000;00000;0000;00000000;00000;0000;00000000;00000;
1;22;025;15;16;29;0132;00000083;00771;000;0132;00000083;00771;0000;00000000;00000;0000;00000000;00000;0000;00000000;00000;0000;00000000;00000;
1;22;025;15;16;29;0131;00000073;00678;000;0131;00000073;00678;0000;00000000;00000;0000;00000000;00000;0000;00000000;00000;0000;00000000;00000;
1;22;025;15;16;29;0137;00000050;00464;000;0137;00000050;00464;0000;00000000;00000;0000;00000000;00000;0000;00000000;00000;0000;00000000;00000;
1;22;025;15;16;29;0138;00000016;00148;000;0138;00000016;00148;0000;00000000;00000;0000;00000000;00000;0000;00000000;00000;0000;00000000;00000;
1;22;026;15;16;29;0133;00000877;06482;000;0133;00000877;06482;0000;00000000;00000;0000;00000000;00000;0000;00000000;00000;0000;00000000;00000;
1;22;026;15;16;29;0135;00000199;01471;000;0135;00000199;01471;0000;00000000;00000;0000;00000000;00000;0000;00000000;00000;0000;00000000;00000;
1;22;026;15;16;29;0132;00000105;00776;000;0132;00000105;00776;0000;00000000;00000;0000;00000000;00000;0000;00000000;00000;0000;00000000;00000;
1;22;026;15;16;29;0131;00000090;00665;000;0131;00000090;00665;0000;00000000;00000;0000;00000000;00000;0000;00000000;00000;0000;00000000;00000;
1;22;026;15;16;29;0137;00000064;00473;000;0137;00000064;00473;0000;00000000;00000;0000;00000000;00000;0000;00000000;00000;0000;00000000;00000;
1;22;026;15;16;29;0138;00000018;00133;000;0138;00000018;00133;0000;00000000;00000;0000;00000000;00000;0000;00000000;00000;0000;00000000;00000;
1;22;027;15;16;29;0133;00003019;06479;000;0133;00003019;06479;0000;00000000;00000;0000;00000000;00000;0000;00000000;00000;0000;00000000;00000;
1;22;027;15;16;29;0135;00000688;01476;000;0135;00000688;01476;0000;00000000;00000;0000;00000000;00000;0000;00000000;00000;0000;00000000;00000;
1;22;027;15;16;29;0132;00000364;00781;000;0132;00000364;00781;0000;00000000;00000;0000;00000000;00000;0000;00000000;00000;0000;00000000;00000;
1;22;027;15;16;29;0131;00000316;00678;000;0131;00000316;00678;0000;00000000;00000;0000;00000000;00000;0000;00000000;00000;0000;00000000;00000;
1;22;027;15;16;29;0137;00000224;00481;000;0137;00000224;00481;0000;00000000;00000;0000;00000000;00000;0000;00000000;00000;0000;00000000;00000;
1;22;027;15;16;29;0138;00000049;00105;000;0138;00000049;00105;0000;00000000;00000;0000;00000000;00000;0000;00000000;00000;0000;00000000;00000;
1;22;999;15;16;29;0133;00080025;06476;000;0133;00080025;06476;0000;00000000;00000;0000;00000000;00000;0000;00000000;00000;0000;00000000;00000;
1;22;999;15;16;29;0135;00018238;01476;000;0135;00018238;01476;0000;00000000;00000;0000;00000000;00000;0000;00000000;00000;0000;00000000;00000;
1;22;999;15;16;29;0132;00009621;00779;000;0132;00009621;00779;0000;00000000;00000;0000;00000000;00000;0000;00000000;00000;0000;00000000;00000;
1;22;999;15;16;29;0131;00008384;00678;000;0131;00008384;00678;0000;00000000;00000;0000;00000000;00000;0000;00000000;00000;0000;00000000;00000;
1;22;999;15;16;29;0137;00005905;00478;000;0137;00005905;00478;0000;00000000;00000;0000;00000000;00000;0000;00000000;00000;0000;00000000;00000;
1;22;999;15;16;29;0138;00001398;00113;000;0138;00001398;00113;0000;00000000;00000;0000;00000000;00000;0000;00000000;00000;0000;00000000;00000;
